<configuration debug="false">
	<!-- 控制台输出 -->
	<appender name="STDOUT" class="ch.qos.logback.core.ConsoleAppender">
		<encoder class="ch.qos.logback.classic.encoder.PatternLayoutEncoder">
			<!--格式化输出：%d表示日期，%thread表示线程名，%-5level：级别从左显示5个字符宽度%msg：日志消息，%n是换行符 -->
			<pattern>%d{yyyy-MM-dd HH:mm:ss.SSS} [%thread] %-5level %logger{50} - %msg%n</pattern>
		</encoder>
	</appender>

	<!-- 文件保存日志的相关配置 -->
	<appender name="file" class="ch.qos.logback.core.rolling.RollingFileAppender">
		<file>logs/optimisticLock_info.log</file>
		<encoder>
			<pattern>%d{yyyy-MM-dd HH:mm:ss} [%class:%line] - %m%n</pattern>
		</encoder>
		<filter class="ch.qos.logback.classic.filter.LevelFilter">
			<level>INFO</level>
			<onMatch>ACCEPT</onMatch>
			<onMismatch>DENY</onMismatch>
		</filter>
		<rollingPolicy class="ch.qos.logback.core.rolling.TimeBasedRollingPolicy">
			<fileNamePattern>logs/optimisticLock_info.%d{yyyy-MM-dd}.log</fileNamePattern>
			<maxHistory>30</maxHistory>
		</rollingPolicy>
	</appender>
	<appender name="error" class="ch.qos.logback.core.rolling.RollingFileAppender">
		<file>logs/optimisticLock_error.log</file>
		<encoder>
			<pattern>%d{yyyy-MM-dd HH:mm:ss} [%class:%line] - %m%n</pattern>
		</encoder>
		<filter class="ch.qos.logback.classic.filter.LevelFilter">
			<level>ERROR</level>
			<onMatch>ACCEPT</onMatch>
			<onMismatch>DENY</onMismatch>
		</filter>
		<rollingPolicy class="ch.qos.logback.core.rolling.TimeBasedRollingPolicy">
			<fileNamePattern>logs/optimisticLock_error.%d{yyyy-MM-dd}.log</fileNamePattern>
			<maxHistory>30</maxHistory>
		</rollingPolicy>
	</appender>

	<!--myibatis log configure -->
	<logger name="org.apache.http" level="INFO" />
	<logger name="com.apache.ibatis" level="TRACE" />
	<logger name="java.sql.Connection" level="DEBUG" />
	<logger name="java.sql.Statement" level="DEBUG" />
	<logger name="java.sql.PreparedStatement" level="DEBUG" />

	<!-- 日志输出级别 -->
	<root level="info">
		<appender-ref ref="STDOUT" />
		<appender-ref ref="file" />
		<appender-ref ref="error" />
	</root>
</configuration>